{
  "building": {
    "1": [
      58.6108,
      49.6482
    ],
    "2": [
      58.6032,
      49.6455
    ],
    "3": [
      58.6029,
      49.6319
    ],
    "4": [
      58.5893,
      49.6658
    ],
    "5": [
      58.599849,
      49.667942
    ],
    "6": [
      58.5995,
      49.6181
    ],
    "8": [
      58.5989,
      49.6205
    ],
    "10": [
      58.6124,
      49.6033
    ],
    "13": [
      58.5919,
      49.6851
    ],
    "14": [
      58.5908,
      49.6807
    ],
    "15": [
      58.5661,
      49.6865
    ],
    "19": [
      58.5959,
      49.6669
    ],
    "7": [
      58.605181,
      49.6623466
    ],
    "11": [
      58.6057961,
      49.6707708
    ],
    "12": [
      58.5867855,
      49.681733
    ],
    "16": [
      58.5917202,
      49.6776421
    ],
    "18": [
      58.5978306,
      49.6477805
    ],
    "20": [
      58.592913,
      49.681754
    ],
    "23": [
      58.6102703,
      49.6717372
    ],
    "9": [58.5992, 49.6188],
    "17": [58.5915, 49.6812],
    "21": [58.5918, 49.6810],
    "22": [58.5915, 49.6812]
  },
  "dorm": {
    "1": [
      58.6032,
      49.6455
    ],
    "2": [
      58.6068,
      49.6139
    ],
    "3": [
      58.6069,
      49.6149
    ],
    "4": [
      58.6051,
      49.6164
    ],
    "5": [
      58.6052,
      49.6165
    ],
    "6": [
      58.5903,
      49.6816
    ],
    "7": [
      58.5661,
      49.6865
    ],
    "8": [
      58.5905,
      49.6771
    ]
  }
}