{
  "building": {
    "1": [
      58.6250643,
      49.6475913
    ],
    "2": [
      58.6029888,
      49.6696015
    ],
    "3": [
      58.5899329,
      49.6687184
    ],
    "4": [
      58.5963341,
      49.6204262
    ],
    "5": [
      58.5998504,
      49.6679313
    ],
    "6": [
      58.6068444,
      49.6139144
    ],
    "7": [
      58.5859239,
      49.681773
    ],
    "8": [
      58.6051361,
      49.6163525
    ],
    "9": [
      58.6051361,
      49.6163525
    ],
    "10": [
      58.5945006,
      49.6695218
    ],
    "11": [
      58.5998504,
      49.6679313
    ],
    "12": [
      58.5903303,
      49.6815571
    ],
    "13": [
      58.5904838,
      49.677074
    ],
    "14": [
      58.5904838,
      49.677074
    ],
    "15": [
      58.5672059,
      49.6881641
    ],
    "16": [
      58.5903303,
      49.6815571
    ],
    "17": [
      58.5903303,
      49.6815571
    ],
    "18": [
      58.6068444,
      49.6139144
    ],
    "19": [
      58.6051361,
      49.6163525
    ],
    "20": [
      58.5903303,
      49.6815571
    ],
    "21": [
      58.5903303,
      49.6815571
    ],
    "22": [
      58.5903303,
      49.6815571
    ],
    "23": [
      58.6062538,
      49.6562822
    ]
  },
  "dorm": {
    "1": [
      58.6062538,
      49.6562822
    ],
    "2": [
      58.6068444,
      49.6139144
    ],
    "3": [
      58.6068849,
      49.6148883
    ],
    "4": [
      58.6051361,
      49.6163525
    ],
    "5": [
      58.6051361,
      49.6163525
    ],
    "6": [
      58.5903303,
      49.6815571
    ],
    "7": [
      58.5672059,
      49.6881641
    ],
    "8": [
      58.5904838,
      49.677074
    ]
  }
}